A-Kriv,19rMhAfRlZVYTg4jiXOZCr
A-lusion,4GWz1hkqnRxvBqWIu6BUM2
Access One,2yH3lflCSPqb8jI0MKmbPh
Act of Rage,5eHs2hHfUzGizdnrLjc3CW
Adaro,05ndiewdJogtosuRWN8iwF
Adjuzt,0UDN8FPWVrZoMQ7mQB3bS8
Adrenalize,6GebWeCCtey5pbQepRYD6c
Aftershock,6KlY7jizsLWQcXR1F2Sn9j
Aggressive Act,00U8ZwCEu14A2qg8OD6gLC
Akira,1F7hyTwrCm0d9Fy6DphdYd
Alpha Twins,44gfVLNlaOcF16JQ0TMeNx
Alpha2,1Tdwaj8zRi9lqzsijL7dmA
Amentis,4Mtu6SsfyJ5yxKeyzpeWSw
Anderex,7wXBtpPB5GFddtz9OeBlPW
ANDY SVGE,4MciZ3SoIaHGhBecweONHp
Andy the Core,3GEDzLFDpKR3tsq72ZRTP7
Angerfist,4sQNUQjOYj9rV2sdfJ8laS
Anime,6lnEWBl7dhcA1FL5yqRHPO
Annex,60bQp5waSNlqqY8hZPknHj
Apok,0ypWgUXHcvpUPeQ1umH1oY
Art of Fighters,04k0n1Rcz2MxqvZfioAOTE
Artifact,39B5R5tWbwQyHX4AitOU9U
Arzadous,18uzxvwBb6oI9X25SsvkAe
Atmozfears,0MBGxwmCdXdO26ojaNcT64
Audiofreq,0hHKtZEXHNsXfgrNgU7Zkl
Audiotricz,52I8HbScEEvgwiiSDaM7gP
Aversion,2ecqtRdHGMT1SSSaYXoYlC
Avoc,6IHHgeANSAVdQM1l9zIlSn
Axe Gabba Murda Mod,6i3e03AC8JqUCU85Yh8REN
Aztronomer,3durBjLQ5V8Z6Km6469ADw
B-freqz,51Lnv28PvP6XnhhwriLvBM
B-front,6Xhhpra0X0hpvC3yZaQ0Du
B-Savage,0j5Uk2yhqR0EzS4uE1HXc3
BAQ,3gkBpJTojA0j8tqNVo2QOT
Barber,55yd56lRrN815OEFUOrC1W
Bass Chaserz,5SxjKJ2HIg3dVQ427HYVHS
Bass Modulators,1Uk4IDpF1OIuTzANugS5JC
Bass-D,0ahOgtGZ5F0JIzpyN2Ny4y
Bassbrain,2FpmZwomIGHEVAICcfIg5T
Basslovers United,4KpgeSLtjj0txr6drzaedu
Basspunkz,2Bu4MuM7Ub40rthUcfWxdQ
Billx,0Ldjd0Z66CJ0rChWXx0jzB
Bionator Project,6IbzmZw1iBjZkVnPXTwyHt
Blocka,2Qp2hJTsBS1b6aVIoGVyin
Bloodlust,1vDMUXdbIJHTSC8ZAf2Zqp
Brainstorm,1NcahRZEkPD9IagVIdAx6W
Break of Dawn,6BcNg67AxzaaVnin8tqG6d
Brennan Heart,5QySqc6yAFDx9m7fedFZmC
Broken Minds,0b2rM3fXiBkA4c1SpSkoqE
Brutality,7sTbFaYutbLIayY6VYSjSH
Bulletproof,3Eby2L5JXvh1LLZhjOdea6
Caine,2wQsli7ZjiaSoy1cnQ6Zn6
Catscan,0Ke7ZqzaFiIaVySGcbyKnw
Chain Reaction,2voeq1SXqaRk45wpKHJhgz
Chris One,1fco4riXaELODB1jc1067g
Christyn,0hKGyzZGjoD0uKsIMU9UmU
Clockartz,7GVB7uYTgkeYtLJxYMYYDp
Code Black,0I5is4tdxHhT3Ft2EzPjlB
Code Crime,1xtNfCEjq2vwXIb8VFTkF1
Cold Confusion,4uNw48Ory7s2FsgxCgUOUr
Collusion,2YmjCQbg95CCYiC28uBOLW
Coone,1Wt63OMKtv6v2ivHuQLm2C
Creeds,2gW0M5fn2r7Lo4Hn1r8HZ5
Crude Intentions,5zXPv1332E2IWXvjotBr09
Cryex,5NkT0VLTEXldi82KVVnG1b
Cryogenic,3JkD7HM6gEzgOMm9kwzunN
Crypsis,4Kr8tEhZ6ecAQnqxd7WkTb
Crypton,592FgKnDnLHT1jLLLwGjR2
Crystal Lake,0A7d0PJxaLO7CGI94ht6PX
Cyber,303olBIixVXirStn7yhOZX
D-Block & S-te-fan,6L7a6wPGpvLtTwOsMLnF1z
D-fence,5WUnGF4pM7DerBF0GSivNv
D-Frek,72qaltoVzJ2iwZThuIxACd
D-Stroyer,2WRMUXhCDLTcEzLzlIhPre
D-sturb,7E6DrjKJieOdJKO8mbwCMO
D-Verze,55zpDykW8PjK44Bdxb8jcS
Da Mouth Of Madness,3QUpjXKcTee8KscFqpkSfv
Da Tweekaz,6UOk7DmvqlzWmo6gjhZvn6
Damian Ray,5liX0vRbvORENzGrNlmJ4J
DardWinsso,3nKYvHrVK1Va9fvFVWjxGD
Davide Sonar,4hM5zqr6QAzJSwOaVKgxxO
Deadalus,0wIaWJ8QrjiiCOJt3PLnfd
Deadly Guns,1RsU9zuGACUb1NGShiFpcP
Death Shock,2akqpS0FI0salBCxzptNLL
Deathmachine,45v249ZA13O6zMpmg7djby
Deepack,5hnFqGY2kc233cXstqrGev
Deetox,0g6dKn3203m8rAtAyjIdZl
Deezl,5Gmt205UikGABaRkBaTX5L
Degos & Re-Done,7LsIj2cflfPqS8px4dduGG
Delete,5ba4f3qddeYRq7BQcAtFBS
Delius,688kfDW4561PQyZkJCoGmi
Deluzion,3r40SMXcvhhDUE1xhU8MSB
Demi Kanon,0MwTAzU4fDGGfrUAHzYwRJ
Deniele Mondello,1aGVl7Sl6h7N55wkxaQ1U6
Destructive Tendencies,1Yc03TvBp08WN2oHVuvewX
Detest,7rBKdYlOrwTHDRWZagPWoT
Devin Wild,4ksdbwHbqSmv7sWP3W6L21
Deviouz,3oGATsO5I5YBTEaExSQpMh
Devotion,2EJBXpZLU9MdtDtTjeomIh
Digishock,0k8XpPfTpLUsiBd8DCNeHa
Digital Punk,3GAHYVHU0HppTq2qgzejcv
Dimitri K,1WXsfnqh2lT56nFMI5Pc0E
Disarray,7jgi6dtrq6C0UqtGiPkNqD
Dissoactive,406MK9aQ0H5bkfnClxp7tJ
Dither,2CTPZndAY5BwdgHk8AX0B7
DJ Isaac,2FmgW6Jee0JQKtb6EnBWCq
Dj Mad Dog,7oX7rzli18XsB2WFd88oW4
DJ Panic,7AVZ40Nq0rZGZWugQUWB4f
DJ Ruthless,4XsdMGj56bGETqP1OYpTIO
Dj Thera,3wnWv1CbRJ0JuDgOcsBPfd
Dj Zany,7lFE1mzAns6hcdSPhKCF2O
Donkey Rollers,42B9mEQV8cJNFLMtU8RTvR
Dr Peacock,4RbUYWWjEBb4umwqakOEd3
Dr Phunk,1naX4fxuRaDFlj9tGfIUZk
Drokz,2RoJa2qF4fdyhBkVcl5pNi
DRS,3ipAwQsSahvSht3Bb8SpLs
Druid,5Sp0fuevzklvfvHF4atOCz
DSTORTD,0tMSK9NhHH1TecqrCw1hgC
Dual Code,7B1kIaT9vhkRropEAEtTL9
DV8,3C2rdG9aJ0CBfFSKmdzcTf
E-force,77faXTf6wXs3L2CVol0c8C
Earsquaker,76bxY8Zg5tjHCWkuRAbOFT
Ecstatic,7tEAlsvmuaVnKQyswnonem
Embassy,1xOF2FyFW6vNoGw83EMrPU
Endymion,1dWCpNKvuNDv2rE4gCVNwj
Enemy Contact,2BZjbY5rfQ85Esd6uCNXOv
Ephoric,2KUdPowv9jaSB82rvKX80y
Eternate,08M432cp5R6XCNXKMkidXB
Evil Activities,1Y1sNScqx8BPZceaO7LjTO
Exproz,22jcDppDfbm4cqqUDzM8tU
Expulze,0hiID7lYjHkCqeTRQFhU5D
F.noize,0mdmNdny2m37Hb1DIdQkG7
Fant4stik,6MmSkH5Y9u4wWv8I3dxMhh
Firelite,7FTQICqfx93tZdwZJb3wt2
Floxytek,1v2lA2moEBT9UFfnRd6Pkx
FOOSE,3Kn4oVKRrEP2HGZCfAC35H
Franky Jones,6g0B8JvJx33LO19ms0aIah
Fraw,4AGDRCSqrobTOwmsvPuSrC
Frenchcore Familia,3lX2yJBnRgHzvGp6d5xGjR
Frequencerz,5cPNMq5lKAoAKyv5kdpz9s
Frontliner,7momuad2Twkv5O7MY3dODa
FSDW,4RPg75BaMIfyBb94V8HqCw
Furyan,7KAMvC5fpPMWUgZYu3mEYJ
Galactixx,450u38hSRh0Q2UyghEbjpS
Geck-o,5TfuDjIGoKIDy1c7l0DBsB
Genesiz,0ZdrG7bZdKJlLNX43qTPc9
Genox,1M8e4hQQkrbmMTlvII2QcV
Ghost Stories,6J6UF3GqOLdt6f4gfazSzf
GLDY LX,5W8ur0q0526Cj59h4qbmjl
GPF,4OoHneMX97SjUXKWgsyrP4
Gridkiller,7njBiH1Uy0qNA8VvPPtEG7
Griever,1Xd3bw5OuInJDsNUAJBC5a
Gunz For Hire,0WbAxASsYdodSlqwserDAW
HAKIM,5cvEcVVddAgkDhYeSfkpTX
Hard Driver,1rpLzYzfrueWdkpcIunZQl
Hard Effectz,6Q2cK8Wi4U9DdyBxHRSYvZ
Hartshorn,26CaaT8FqbEIzi3hlD8MKc
Hatom,3EX77r8FNIDXOQ1xGtXKZJ
Hayway,5SAbIMyEvd2Tsl8tlJqXTp
Headhunterz,6C0KWmCdqrLU2LzzWBPbOy
Hellfish,2K3IZSIfctmk8F64c1gwVn
Hellsystem,53EHsN2X6QI9xsmunKAW85
High Voltage,3gp2KVOjzLgKMo0HIBsd6G
Hollow Point,1ufYTDKeAgrsJcWVWcHlza
Hunta,5JGN6K3eCZ1dim3H1pfGIH
Hyperverb,6wBNWFHe0PIG1p867KLihx
Hypnose,2UBCeOEjEhqNkm6IFzVV4D
Hyrule War,2mT4A5eGB3n5XpKJUuDYZX
Hysta,5b4R0928g89y6qmOgtEN1O
I Giocatori,4dLlGRUNH3feWTl4uCDBrP
I:gor,3ovMVfc0goF4SEurQ6rgAF
Imperatorz,7eS0sxPiRLeafMwpgLJml1
Imperial,2qx5TM5UVg3th3ZQ9Vkj2X
Insurge,6uGp0FWe0jCSoKoQ5Vu8pQ
Invector,6dzkjHwlCSs5uy93DoiZ1s
Invictus,0rmIY1s1Z00SmzwqI2pJLM
Jack Of Sound,3hpMKvVTfeW0Of0XstCrEB
Jackro,2DmEO1qBeq9jc3HPI7V3H5
Jason Payne,7zNgBJI5ddd3GanVxVq6bW
Jay Reeve,5AVdeI8lS5HS9VGV8AUyS4
Jeener,7ipPIkBSrL0PVizxMp9tI6
JEEX,2yyaQ5rBXKUgEo8unwNQIS
JGSW,1mRzzUiBiRmklHKtzlXvRz
JNXD,4by5ENA6ZMNCQkOX3RIh0G
Jonas Wood,2LtmcO0F7AL0S6kxBtfNrL
Juliex,3RTCQDInBbA9wEuRrhRLTq
KAMI,5nodOFXcI3HPPhfqhWwd06
KELTEK,1Od0hPnXSqA9pipLqNXJ7e
Khaos Engine,10eGNoOekkb1ghMwCYaE2N
Kickrolls,3ZSDo9HJhPelJwrYBx6wqR
Killshot,2m5uCiZcpQ50tXsJrThFoM
Kinetic,7fqUQ5viNoKMILnMEkhkDu
Kobalt,26b3pDdlNNMi1rQ6cOxoYT
Korsakoff,1rWaCpcmmjycvD00Kf6YyE
Kronos,2B3mYtzGes0f92Yfn4mVQD
Krowdexx,7Ecbym3UD6q848BAse6Qeb
Kruelty,30sKm4Zacgq8mC0l7vNmuD
KURXCO,1tG95dccN8bZBQFyu22pjx
La Ravage,2cIdFwci6HCqiB6raj8lp6
Lady Dammage,3tfuR1hlhOuwBVYzl8dgKE
Lady Dana,0MvVnnu9CaqThuEWCR9Zce
Lady Faith,1va2Hj3SvWvu3L6jAN6k01
LE BASK,23ZF6wwvduGxWSH2j97Ish
Level One,5gfLje7A2I9mMRVfuiphnh
Lil Texas,76raIy8boaM9sf9gMGXGJ5
LNY TNZ,1x0ScxgiyFRQDKT4VwcLHa
Luminite,56uBktjCLyONyLAgE7VBq1
Luna,2LpNxLq1O4FAMBagy5t582
LunaKorpz,2OSIL8pcABTROov8XT74z1
LXCPR,3paZuq5Z5ujlOTr3XvQEU0
MADD,0KQLWyTOjvVQ2LGemqfaUH
Maissouille,1aQbGaag8KEI8kKtY37UQU
Major Conspiracy,0WjzjRwo3dcv6HCPs70Rnc
Malice,0endjvK01uydkCL84mD3Z5
Mandy,59VlEky6rgwrcluurlvspE
Mark With a K,4OPaH4YIqua9DUnI7t0fOQ
Matzic,5icd9CGTLeERkT6s20imCs
Max Enforcer,18PNlguj4UWXG46wBu567s
Maxtreme,3skGwvTX8jbm2EKf0Whe1j
Meccano Twins,4SYJNUTeuqa13uUqrRGGgt
MELOX,1DtOSWRsesxFhGJ4BaHWyQ
Menace II Society,4j9DT0qozVjZDbSflECytB
Mike Enemy,1OKLZ6g7k4btXpP37eCnVO
Minus Militia,29H7LOSOkrB31ZtoMo2yLJ
Mish,65kwwmTEJIlKRldGhmUM0b
MIXTUREZ,4nOzWCB9Tm0r1RiHqOkjH1
Mr. Ivex,4rjpzgu5YnVodi62T50yjV
Murdock,2mhF7iBQqUwzVcX53jXPnE
Mutilator,3AkGIMk9xwDj4A5ttNBPiN
MVTATE,16KgfaVMW0Br4MhQ4dGx2R
MYST,18UStRMkfnMhX5Qxzhylej
N-Vitral,5yirHkilaq4YSjO9BY6oy3
NACION,1IYAQPPp7oqoKTfAhpUTUb
Narcyz,6bXKU7upMry4vNzi4jvgjq
Ncrypta,598i9uHpVAukdj6QRUEaq6
Neophyte,2AfGElfjqXuSyUny7dsj9p
Neroz,76WqyxPmL1KmO2up8jbYOC
Never Surrender,0kyjNsbKXmVOtnaAMOVhW6
Nightcraft,4IQIMZPSBfizEPPGdCmsXV
Nightshift,1fzWsgu7ndnyTBtBYOmzxe
Noisecontrollers,6qJ61DomA73g7jQEKESw9Z
Noisekick,7rJ5z48nX1gnrxnh0E7lUM
Nolimits,7Im2sWyC7fwHtA97mfioRU
Nolz,6kudMw2A0xOBJHpW8VNaDA
Nosferatu,0S6b11xqvO6XOWZSukSjiY
NSD,79wYn0trIxj3ewBLhOBUzX
Nutty T,0OPI8bJcsPdJID44LRooOj
Omegatypez,15TjoFblYf6b1tYhfc6b9x
Ophidian,1LgLuJSqAJJ6v5RCvjUiQh
Outblast,7izfdXPLe9PjsIN0A0k2pE
Outbreak,5tlPrdBVJtoK1uWzzFs4M1
Outsiders,0aKXalHKVzkLJ6aeUY3HMf
Partyraiser,39cgo5SPJygKIlIcrwkd73
Paul Elstak,123hDJRbi4KtCdBaaKNHW6
Pavo,7GiYRnCTrDAFmnhpcqqTwR
Phrantic,2Bg6vhG3aY7ixxqEGZeos6
Phuture Noize,7AGSJihqYPhYy5QzMcwcQT
Physika,52NpY0nQvHw021b9j9Ke3y
Plug 'N Play,7xAAlwRVRtOa3HpIlkd0zd
Primeshock,0BtiMLqwAvO3yHcPh5BWCS
Project One,7fMJN4fdEwmFWd8uz5pnKx
Promo,6CG5i0dfyqWIOrqFY60ooq
Psiko,5Kw5EF09lD1e8equFMVjPh
Psyko Punkz,18pYFSeMi7sOL6nGMICHtS
Pulserz,0fujXq1smK5pNrKT6hlPAs
Rabteu,6RJC2mTVh69zPcBo5RdkF4
Radera,46EIkN6JFpbbdqkkZK3oyj
Radical Redemption,3Ij56hbjOTHq8RgutQwfxC
Radium,5YG7cC1VX7Nh7AjUOf6PcG
Ran-D,7IeovKzVkfcG9mIJGNzTcT
Rayvolt,1R2w3Q79ySxr9LyhQL4ty2
RAYZEN,2x7wHChcawAYikCTKfhjId
Re-Generate,4oruMXLVY3oWlf1g6k4WRs
Re-style,2kK1cYRoYo24RzsHADtD0E
Rebelion,5JcSyYpBdqCmjJyVlKh7Yg
Rebind,6pWntXKJ4kEdD0UWAFna6N
Rebourne,7ikySCCJo3shAEZsoKEtVK
Refuzion,1BpCQRsYuiRg1TXKR2SQe1
Regain,0Fp1lykJGk1eInmWFbSwoK
Rejecta,2lmihUu4FzVOepdJpDDrof
Requiem,4NIMOpuBr3SGIZUjiwpttm
Required,1g05P4Ua1FzC0cQxSlgmyu
Resensed,630YbN3MWwgBS7ZS2KIwHv
Resilient,5gfLtrFlbvzlpC63VKafjC
Ressurectz,3RoxAJrso1XZowEEwtCbxq
Restrained,2ym6Gwn7qNzgiAm6VA3nsV
Retrospect,3SpBPLBqsJo9sW5KQUXm8q
Retryx,0FbMZCNmVLZPPy2f5sXTVc
Revelation,4xSp6WltH5N47OrAu4pjKw
Riot Shift,5J3RIw3YwgyXeosItjR9GY
Rooler,2lpFs8QJyIeVDb2Sq4vZYi
Routter,0HMh5nUVDsh09cEpHVRC4i
Rude Convict,4jhgdxWuxgXZPcmMVOhuEt
Runeforce,7fzicDRhTE3rhGdO4ssCcH
RVAGE,60kSCaBM5uMKg7ZnrBH5br
Saiperkz,1O1wfQEftAv5CSHdQCY8jx
Salvation,7ubortJHEsWNJzMzyAJNyz
Scabtik,6mRyTGlFH3JnDgukiZnQ3O
Scarphase,3FpSqrCQ3oyc1VTFbCOrMc
Scarra,75CWM6dvHUuLGsQj8fJyXr
Seaside Clubbers,7rmcUoT1NBjxEESRrb63XI
Sefa,0caJEGgVuXuSHhhrMCmlkI
Sei2ure,4f8x3gw9REomgjxI1KdxOA
Sephyx,7MXzeG7zoG8pKpqKCOqcZL
Serzo,3OhUveXjN6gDbNt7ygN8z6
Showtek,3gk0OYeLFWYupGFRHqLSR7
Sickddellz,7wbCwmaAe2U6NoBrWBfeTz
Sickmode,5PbgCU02dfdBCAzpOaNmYW
Sinnister Seven,0SxrIubbdnhKOkLEqeCMaO
Sins Of Insanity,41jZYjNEye7JGDj0xZELcL
So Juice,7MBMIGBbRcIAn4zZPOMNKR
Somniac One,0Ce5O5jeVEDh22XjA7vaRA
Sound Rush,7IFPeV5Ew63S7Hid0AjNgK
Speedfolter,5gFtHyT6Hks9IaMnWqJ0fs
Spitfire,0R24GpElISFAat9cNHEPLw
Spitnoise,29kB8Ku9QQNmrl3yZw6Xxl
Sprinky,12pqQEdl11zQIGD4PTTSEi
Stereotype,0XvAc2MBJgzxDdzuzOjsmr
Stone's,6450yQGIsBE7w7aGGdeNvz
Stormerz,4FSHCrSzZlOrwOMmEInVwf
Strike Blood,7MvFTO08TReeihJWe6xEpb
Strixter,5KENAwkg6GClWnY28tokF8
Sub Zero Project,4f0OXMMSxr0r8Ztx6CdpAl
Synthsolder,2aYw1VignY89UokpxjuibF
System of Loudness,08jahn2OvsxyyzSfquOkkx
Tatanka,7qieEljaoUd5fJn3uL0w6X
Tatsunoshin,6dDL4IB1qW60paulrb2ZvP
Tears Of Fury,2gbX1134Wq3J1bY1Rcv2mX
Technoboy,37jL2LnGjAkadOCszr8v7C
Teknoclash,0Q900eSnku7mrRFfi1Eoyb
Tenzin,5vnDYpoLqdsebfsH7xexpG
Tha Playah,6MUXMQLSPFynFBwF2Qz2CU
The Braindrillerz,6j9yYMSUzcSI8KGbhgmSKG
The Darkraver,3Lu9zTGOtzT2MZpfxdaHJv
The Destroyer,2IFLJblaamPfzhP9cx8ksr
The Masochist,3pVWZKrvLZaiL0Bp4c9NRZ
The Outside Agency,4Gh02gVaInzoBvqEnJFQDS
The Pitcher,1QsT3VKbdtjMxXoy9myb2X
The Prophet,2iRqqPkOyIvvb7qFZN1Onz
The Purge,4CyjDlfEi7Sb4NLgWP0x3w
The Saints,0CE9b5MpyYgJNxa2bNkOMc
The Satan,4XCq6wVD10ui7rkXScdWvP
The Sickest Squad,1NGSmZz3W7RduM185NLWdk
The Speed Freak,3HtFJOBdchYr7TpB63p6De
The Straikerz,23YqfnxHhNcTMAkU4hxl1l
The Stunned Guys,65T2gXuk9TCJk0kuMubwXH
The Viper,1ovLf87ytwpNoA4prvV8wt
The Yakuzah,2gor4L7bEFRffmx6SnFZqt
Thieves Of Dreams,61qLIEFQlJLdBmytUYkKPP
Third Orbit,0J3tpfjuavPhCkxn2vQM0j
Thrasher,6zAICutV51dVSHVz7wQSJf
Thryon,75jOSvJYkVT21xz5yll1xM
Tiberias,4HAbg9umYVBHrzTnZg1XkR
Tieum,71xytiJEuIEgxrcV6sghd6
TNT,1CqOLQmjzVWXQTiIN5Wucs
Tommyknocker,2lW5IbF53ZuYk98CZ2Ws2s
Toneshifterz,4LBa6kTLaQHiONCfTfTaXV
Trespassed,4P64zOuVtzLwvGEMasQXl5
Tuneboy,3mZnhzeAyjpFhO3cIepzBr
Tungevaag,49CE2ffZ6Z3zeYSDauSKck
Tweekacore,6g7nQh1zK0QGZVphaMCGWj
Udex,4tPHi95x1TVyWAucaom2VE
Uncaged,2HDeehZ2osQxtP45Q1asqo
Unexist,0gplvIWFBXieC14rQPCOy8
Unfused,71JkAolI9Axuvf2lyzEhpq
Unicorn On Ketamine,3NoAERCAeMG0EOGpbpdYLm
Unifire,2UoIaHR2fZ1R5kMbA5Z5VU
Unproven,5WPHwuzXyFyIheuZKM42lI
Unresolved,6glAHKAPvBPUQ4HQcYXxpr
Unsenses,5ezp2WTBB8rewVCdTKGO1F
Vandal!sm,34gGWxDix1DnDFwFWg4tn4
Vasto,35l9BKzdhvLy5HOC50NECa
Vazard,5i4yVKvP6l6jRrb8H26bU5
Vertex,06uSZHEgm9wazsU9OGxnPq
Vertile,2CREMC4YATn7Bx9ZQku6IH
Vexxed,49QBXRxNfA7BBLMqRIB8jY
Vibetalgic,4x1cbiFgpu1Rup8uAwfBWZ
Villagerz,5gGpsSYjLApO5JICZzSlsz
Vindicate,6UJTNGuREj4C868fmClXU5
Visionized,7vv7A9YGa1gVTixRM6BtVQ
Voidax,2JqPH5sGxBA5lDMUmO5uAE
Vyral,0WeLyYuhSo9MZQmQMgvkmj
Warface,1wuQQfTDZhgNb4GJyhThUs
Warforce,4GdUL7R2CO0QjeOIGwdLXB
Wasted Penguinz,1Ok5WQlGEnuFOiUlpCKcVT
Why Not,4Ti7b6b9nriLYsrxsLzmCK
Wild Fox,5oSlF1EaDitf4lC4lX4nFE
Wildstylez,0wr85NuJuAYZsRzP1lJgiV
X-Pander,5BD89DInX2q6j9laqzi79K
XENDER,4xMQ5Dp3SgHJQpEO9P3Pqc
Xense,4WBnZbV6k0m7JUs7TPjY2N
Yuta Imai,3sMoBcuGm33knrJxEoJY5k
Zatox,27Z5l2Kfy1IaYZMg5INWqO
Zyon,5vFNYfxQeOHxUUlXDltAS7